<?xml version="1.0" encoding="utf-8"?>
<!DOCTYPE hibernate-mapping PUBLIC "-//Hibernate/Hibernate Mapping DTD 3.0//EN"
"http://hibernate.sourceforge.net/hibernate-mapping-3.0.dtd">
<!-- 
	Mapping file autogenerated by MyEclipse Persistence Tools
-->
<hibernate-mapping>
	<class name="com.web_serializable_bean.Login" table="user" catalog="db_note">
		<id name="user_Id" type="java.lang.Integer">
			<column name="USER_ID" />
			<generator class="native">
				<!--hilo生成器的用发
					<param name="table">hi_value</param>
					<param name="column">next_value</param>
					<param name="max_lo">100</param> -->
			</generator>
		</id>
		<property name="userName" type="java.lang.String">
			<column name="USERNAME" length="20" not-null="true" />
		</property>
		<property name="passWord" type="java.lang.String">
			<column name="PASSWORD" length="20" not-null="true" />
		</property>
	</class>
	
</hibernate-mapping>
