<?xml version="1.0" encoding="utf-8"?>
<!DOCTYPE hibernate-mapping PUBLIC "-//Hibernate/Hibernate Mapping DTD 3.0//EN"
"http://hibernate.sourceforge.net/hibernate-mapping-3.0.dtd">
<!-- 
	Mapping file autogenerated by MyEclipse Persistence Tools
-->
<hibernate-mapping>
	<class name="com.web_serializable_bean.fenye_bean.Fenye"
		table="wenzhang" catalog="db_note">
		<cache usage="read-write" />
		<id name="fenye_Id" type="java.lang.Integer">
			<column name="FENYE_ID" />
			<generator class="native">
				<!--hilo生成器的用发
					<param name="table">hi_value</param>
					<param name="column">next_value</param>
					<param name="max_lo">100</param> -->
			</generator>
		</id>
		<property name="fwjilu" type="java.lang.Integer">
			<column name="FWJILU" length="20" not-null="true" />
		</property>

		<property name="zhuti" type="java.lang.String">
			<column name="ZHUTI" length="100" not-null="true" />
		</property>

		<property name="zuozhe" type="java.lang.String">
			<column name="ZUOZHE" length="20" not-null="true" />
		</property>

		<property name="neigong" type="java.lang.String">
			<column name="NEIGONG" length="2000" not-null="true" />
		</property>

		<property name="shijian" type="timestamp">
			<column name="SHIJIAN" />
		</property>
	</class>

</hibernate-mapping>
