<?xml version="1.0" encoding="UTF-8"?>
<beans xmlns="http://www.springframework.org/schema/beans"
	xmlns:xsi="http://www.w3.org/2001/XMLSchema-instance"
	xsi:schemaLocation="http://www.springframework.org/schema/beans http://www.springframework.org/schema/beans/spring-beans-2.0.xsd">

	<!--定义Hibernate 的SessionFactory-->
	<bean id="sessionFactory"
		class="org.springframework.orm.hibernate3.LocalSessionFactoryBean">
		<property name="configLocation"
			value="classpath:hibernate.cfg.xml">
		</property>
	</bean>

	<!-- DAO 的IoC配置//-->
	<bean id="hibernateTemplate"
		class="org.springframework.orm.hibernate3.HibernateTemplate">
		<property name="sessionFactory" ref="sessionFactory" />
	</bean>
	<bean id="loginInterfaceDAO" class="com.web_dao.LoginDAO">
		<property name="hibernateTemplate" ref="hibernateTemplate" />
	</bean>

	<bean id="transactionManager"
		class="org.springframework.orm.hibernate3.HibernateTransactionManager">
		<property name="sessionFactory" ref="sessionFactory" />
	</bean>
	<!-- 事务处理的AOP配置 //-->
	<bean id="txProxyTemplate" abstract="true"
		class="org.springframework.transaction.interceptor.TransactionProxyFactoryBean">
		<property name="transactionManager" ref="transactionManager" />
		<property name="transactionAttributes">
			<props>
				<prop key="find*">PROPAGATION_REQUIRED,readOnly</prop>
				<prop key="save">PROPAGATION_REQUIRED</prop>
			</props>
		</property>
	</bean>

	<bean id="loginService" parent="txProxyTemplate" scope="singleton">
		<property name="target">
			<bean class="com.web_interface.LoginService">
				<property name="loginInterfaceDAO"
					ref="loginInterfaceDAO" />
			</bean>
		</property>
	</bean>

</beans>