<?xml version='1.0' encoding='UTF-8'?>
<!DOCTYPE hibernate-configuration PUBLIC
          "-//Hibernate/Hibernate Configuration DTD 3.0//EN"
          "http://hibernate.sourceforge.net/hibernate-configuration-3.0.dtd">

<!-- Generated by MyEclipse Hibernate Tools.                   -->
<hibernate-configuration>

	<session-factory>
		<property name="connection.username">root</property>
		<property name="connection.url">
			jdbc:mysql://localhost:3306/db_note?useUnicode=true&amp;characterEncoding=GBK
		</property>
		<property name="dialect">
			org.hibernate.dialect.MySQLDialect
		</property>
		<property name="myeclipse.connection.profile">mysql</property>
		<property name="connection.password">root</property>
		<property name="hibernate.show_sql">true</property>
		<property name="connection.driver_class">com.mysql.jdbc.Driver</property>
		<!-- <property name="hibernate.query.factory_class">org.hibernate.hql.classic.ClassicQueryTranslatorFactory</property> -->
		<!-- <mapping resource="hibernatedao/Myuser3.hbm.xml" /> -->
		
		<mapping resource="com/web_serializable_bean/User.hbm.xml" />
		<mapping resource="com/web_serializable_bean/fenye_bean/Fenye.hbm.xml" />
		<mapping resource="com/web_serializable_bean/OlympicGames/OlympicGames.hbm.xml" />
		
	</session-factory>

</hibernate-configuration>